"# inflation to 40.0 kPa; RESULT,INFLATE,3887,38.51"
time_s,target_kPa,actual_kPa
0.000,0.00,0.17
0.100,0.00,0.28
0.200,0.00,0.17
0.300,0.00,0.28
0.400,0.00,0.28
0.500,0.00,0.28
0.600,0.00,0.28
0.700,0.00,0.28
0.800,0.00,0.39
0.900,0.00,0.28
1.000,0.00,0.28
1.100,0.00,0.28
1.200,0.00,0.28
1.300,0.00,0.39
1.400,0.00,0.28
1.500,0.00,0.28
1.600,0.00,0.39
1.700,0.00,0.39
1.800,0.00,0.39
1.900,0.00,0.39
2.000,0.00,0.39
2.100,0.00,0.39
2.200,0.00,0.39
2.300,0.00,0.39
2.400,0.00,0.39
2.500,0.00,0.39
2.600,0.00,0.39
2.700,0.00,0.39
2.800,0.00,0.39
2.900,0.00,0.39
3.000,0.00,0.39
3.100,0.00,0.39
3.200,0.00,0.39
3.300,0.00,0.39
3.400,0.00,0.39
3.500,0.00,0.39
3.600,0.00,0.39
3.700,0.00,0.39
3.800,0.00,0.39
3.900,0.00,0.39
4.000,0.00,0.39
4.100,0.00,0.50
4.200,0.00,0.39
4.300,0.00,0.39
4.400,0.00,0.39
4.500,0.00,0.39
4.600,0.00,0.39
4.700,0.00,0.39
4.800,0.00,0.39
4.900,0.00,0.39
5.000,0.00,0.39
5.100,0.00,0.39
5.200,0.00,0.50
5.300,0.00,0.50
5.400,0.00,0.50
5.500,0.00,0.50
5.600,0.00,0.50
5.700,0.00,0.39
5.800,0.00,0.39
5.900,0.00,0.39
6.000,0.00,0.50
6.100,0.00,0.39
6.200,0.00,0.50
6.300,0.00,0.50
6.400,0.00,0.50
6.500,0.00,0.39
6.600,0.00,0.50
6.700,0.00,0.50
6.800,0.00,0.50
6.900,0.00,0.39
7.000,0.00,0.50
7.100,0.00,0.50
7.200,0.00,0.50
7.300,0.00,0.50
7.400,0.00,0.50
7.500,0.00,0.50
7.520,40.00,0.50
7.540,40.00,0.50
7.560,40.00,0.50
7.580,40.00,0.50
7.600,40.00,0.50
7.620,40.00,0.50
7.640,40.00,0.50
7.660,40.00,0.39
7.680,40.00,0.50
7.700,40.00,0.50
7.720,40.00,0.50
7.740,40.00,0.50
7.760,40.00,0.50
7.780,40.00,0.50
7.800,40.00,0.50
7.820,40.00,0.50
7.840,40.00,0.50
7.860,40.00,0.50
7.880,40.00,0.50
7.900,40.00,0.50
7.920,40.00,0.50
7.940,40.00,0.50
7.960,40.00,0.50
7.980,40.00,0.50
8.000,40.00,0.50
8.020,40.00,0.50
8.040,40.00,0.50
8.060,40.00,0.50
8.080,40.00,0.50
8.100,40.00,0.50
8.120,40.00,0.50
8.140,40.00,0.50
8.160,40.00,0.50
8.180,40.00,0.50
8.200,40.00,0.50
8.220,40.00,0.50
8.240,40.00,0.50
8.260,40.00,0.50
8.280,40.00,0.50
8.300,40.00,0.50
8.320,40.00,0.50
8.340,40.00,0.50
8.360,40.00,0.50
8.380,40.00,0.50
8.400,40.00,0.50
8.420,40.00,0.50
8.440,40.00,0.50
8.460,40.00,0.50
8.480,40.00,0.50
8.500,40.00,0.50
8.520,40.00,0.50
8.540,40.00,1.47
8.560,40.00,1.80
8.580,40.00,2.56
8.600,40.00,3.21
8.620,40.00,3.65
8.640,40.00,4.08
8.660,40.00,4.52
8.680,40.00,5.17
8.700,40.00,5.71
8.720,40.00,6.58
8.740,40.00,7.01
8.760,40.00,6.58
8.780,40.00,6.47
8.800,40.00,7.12
8.820,40.00,8.64
8.840,40.00,8.10
8.860,40.00,7.88
8.880,40.00,9.62
8.900,40.00,9.19
8.920,40.00,9.30
8.940,40.00,10.38
8.960,40.00,9.62
8.980,40.00,11.03
9.000,40.00,10.38
9.020,40.00,11.68
9.040,40.00,11.03
9.060,40.00,11.68
9.080,40.00,12.23
9.100,40.00,12.34
9.120,40.00,13.10
9.140,40.00,12.88
9.160,40.00,13.31
9.180,40.00,13.42
9.200,40.00,14.07
9.220,40.00,13.64
9.240,40.00,14.40
9.260,40.00,14.51
9.280,40.00,15.81
9.300,40.00,15.27
9.320,40.00,15.05
9.340,40.00,15.49
9.360,40.00,16.14
9.380,40.00,16.03
9.400,40.00,16.79
9.420,40.00,17.66
9.440,40.00,17.55
9.460,40.00,17.55
9.480,40.00,17.44
9.500,40.00,17.77
9.520,40.00,17.66
9.540,40.00,18.20
9.560,40.00,18.20
9.580,40.00,18.64
9.600,40.00,18.96
9.620,40.00,19.50
9.640,40.00,19.72
9.660,40.00,19.72
9.680,40.00,19.40
9.700,40.00,19.29
9.720,40.00,19.94
9.740,40.00,20.27
9.760,40.00,20.05
9.780,40.00,20.16
9.800,40.00,21.03
9.820,40.00,21.57
9.840,40.00,20.70
9.860,40.00,21.13
9.880,40.00,21.24
9.900,40.00,21.24
9.920,40.00,22.22
9.940,40.00,21.46
9.960,40.00,22.00
9.980,40.00,22.00
10.000,40.00,22.55
10.020,40.00,23.41
10.040,40.00,22.44
10.060,40.00,22.98
10.080,40.00,22.76
10.100,40.00,24.28
10.120,40.00,22.98
10.140,40.00,23.63
10.160,40.00,23.52
10.180,40.00,24.72
10.200,40.00,23.74
10.220,40.00,23.85
10.240,40.00,24.61
10.260,40.00,24.07
10.280,40.00,24.61
10.300,40.00,24.72
10.320,40.00,25.04
10.340,40.00,25.04
10.360,40.00,24.83
10.380,40.00,26.35
10.400,40.00,25.04
10.420,40.00,25.37
10.440,40.00,26.24
10.460,40.00,25.37
10.480,40.00,26.02
10.500,40.00,26.35
10.520,40.00,25.91
10.540,40.00,26.46
10.560,40.00,26.46
10.580,40.00,26.67
10.600,40.00,27.00
10.620,40.00,27.11
10.640,40.00,26.67
10.660,40.00,27.32
10.680,40.00,27.65
10.700,40.00,27.00
10.720,40.00,27.76
10.740,40.00,27.98
10.760,40.00,27.43
10.780,40.00,27.98
10.800,40.00,28.74
10.820,40.00,27.76
10.840,40.00,28.09
10.860,40.00,29.50
10.880,40.00,28.41
10.900,40.00,28.30
10.920,40.00,29.06
10.940,40.00,29.06
10.960,40.00,29.06
10.980,40.00,28.74
11.000,40.00,29.28
11.020,40.00,30.04
11.040,40.00,29.17
11.060,40.00,29.28
11.080,40.00,30.69
11.100,40.00,29.71
11.120,40.00,29.50
11.140,40.00,30.91
11.160,40.00,30.04
11.180,40.00,29.82
11.200,40.00,31.34
11.220,40.00,30.37
11.240,40.00,30.26
11.260,40.00,31.78
11.280,40.00,30.69
11.300,40.00,30.69
11.320,40.00,32.10
11.340,40.00,31.02
11.360,40.00,31.02
11.380,40.00,32.43
11.400,40.00,31.34
11.420,40.00,31.23
11.440,40.00,32.86
11.460,40.00,31.78
11.480,40.00,31.67
11.500,40.00,33.08
11.520,40.00,32.00
11.540,40.00,32.00
11.560,40.00,33.52
11.580,40.00,32.32
11.600,40.00,32.32
11.620,40.00,33.73
11.640,40.00,32.65
11.660,40.00,32.86
11.680,40.00,33.95
11.700,40.00,32.97
11.720,40.00,33.30
11.740,40.00,34.17
11.760,40.00,33.30
11.780,40.00,33.73
11.800,40.00,34.38
11.820,40.00,33.62
11.840,40.00,33.95
11.860,40.00,34.82
11.880,40.00,33.95
11.900,40.00,34.60
11.920,40.00,34.71
11.940,40.00,34.38
11.960,40.00,35.04
11.980,40.00,34.49
12.000,40.00,35.80
12.020,40.00,35.04
12.040,40.00,34.93
12.060,40.00,36.45
12.080,40.00,35.04
12.100,40.00,35.69
12.120,40.00,35.91
12.140,40.00,35.69
12.160,40.00,36.12
12.180,40.00,35.47
12.200,40.00,36.99
12.220,40.00,35.91
12.240,40.00,36.34
12.260,40.00,36.67
12.280,40.00,36.34
12.300,40.00,36.88
12.320,40.00,36.34
12.340,40.00,37.75
12.360,40.00,36.67
12.380,40.00,37.32
12.480,40.00,37.43
12.580,40.00,38.29
12.680,40.00,38.08
