"# deflation 150/60; RESULT,DEFLATE,3271,1.93"
time_s,target_kPa,actual_kPa
0.000,0.00,0.00
0.100,0.00,0.00
0.200,0.00,0.00
0.300,0.00,0.00
0.400,0.00,0.00
0.500,0.00,0.00
0.600,0.00,0.00
0.700,0.00,0.00
0.800,0.00,0.00
0.900,0.00,0.00
1.000,0.00,0.00
1.100,0.00,0.00
1.200,0.00,0.00
1.300,0.00,0.00
1.400,0.00,0.00
1.500,0.00,0.00
1.600,0.00,0.00
1.700,0.00,0.00
1.800,0.00,0.00
1.900,0.00,0.00
2.000,0.00,0.00
2.100,0.00,0.00
2.200,0.00,0.00
2.300,0.00,0.00
2.400,0.00,0.00
2.500,0.00,0.00
2.600,0.00,0.00
2.700,0.00,0.00
2.800,0.00,0.00
2.900,0.00,0.00
3.000,0.00,0.00
3.100,0.00,0.00
3.200,0.00,0.00
3.300,0.00,0.00
3.400,0.00,0.00
3.500,0.00,0.00
3.600,0.00,0.00
3.700,0.00,0.00
3.800,0.00,0.00
3.900,0.00,0.00
4.000,0.00,0.00
4.100,0.00,0.00
4.200,0.00,0.00
4.300,0.00,0.00
4.400,0.00,0.00
4.500,0.00,0.00
4.600,0.00,0.00
4.700,0.00,0.00
4.800,0.00,0.00
4.900,0.00,0.00
5.000,0.00,0.00
5.100,0.00,0.00
5.200,0.00,0.00
5.300,0.00,0.00
5.400,0.00,0.00
5.500,0.00,0.00
5.600,0.00,0.00
5.700,0.00,0.00
5.800,0.00,0.00
5.900,0.00,0.00
6.000,0.00,0.00
6.100,0.00,0.00
6.200,0.00,0.00
6.300,0.00,0.00
6.400,0.00,0.00
6.500,0.00,0.00
6.600,0.00,0.00
6.700,0.00,0.00
6.800,0.00,0.00
6.900,0.00,0.00
7.000,0.00,0.00
7.100,0.00,0.00
7.200,0.00,0.00
7.300,0.00,0.00
7.400,0.00,0.00
7.500,0.00,0.00
7.600,0.00,0.00
7.700,0.00,0.00
7.800,0.00,0.00
7.900,0.00,0.00
8.000,0.00,0.00
8.100,0.00,0.00
8.200,0.00,0.00
8.300,0.00,0.00
8.400,0.00,0.00
8.500,0.00,0.00
8.600,0.00,0.00
8.700,0.00,0.00
8.800,0.00,0.00
8.900,0.00,0.00
9.000,0.00,0.00
9.100,0.00,0.00
9.200,0.00,0.00
9.300,0.00,0.00
9.400,0.00,0.00
9.500,0.00,0.00
9.600,0.00,0.00
9.700,0.00,0.00
9.800,0.00,0.00
9.900,0.00,0.00
10.000,0.00,0.00
10.100,0.00,0.00
10.200,0.00,0.00
10.300,0.00,0.00
10.400,0.00,0.00
10.500,0.00,0.00
10.600,0.00,0.00
10.700,0.00,0.00
10.800,0.00,0.00
10.900,0.00,0.00
11.000,0.00,0.00
11.100,0.00,0.00
11.120,30.00,1.06
11.140,30.00,2.48
11.160,30.00,3.67
11.180,30.00,4.76
11.200,30.00,5.63
11.220,30.00,5.41
11.240,30.00,6.06
11.260,30.00,5.95
11.280,30.00,6.39
11.300,30.00,6.50
11.320,30.00,7.04
11.340,30.00,7.15
11.360,30.00,7.69
11.380,30.00,7.47
11.400,30.00,8.56
11.420,30.00,8.12
11.440,30.00,8.67
11.460,30.00,9.43
11.480,30.00,9.10
11.500,30.00,9.54
11.520,30.00,9.97
11.540,30.00,10.73
11.560,30.00,10.30
11.580,30.00,10.73
11.600,30.00,11.38
11.620,30.00,11.71
11.640,30.00,12.58
11.660,30.00,12.79
11.680,30.00,12.79
11.700,30.00,12.79
11.720,30.00,13.23
11.740,30.00,13.45
11.760,30.00,13.77
11.780,30.00,14.10
11.800,30.00,14.42
11.820,30.00,14.86
11.840,30.00,15.51
11.860,30.00,16.16
11.880,30.00,16.60
11.900,30.00,16.49
11.920,30.00,16.49
11.940,30.00,16.81
11.960,30.00,16.81
11.980,30.00,17.57
12.000,30.00,18.44
12.020,30.00,17.90
12.040,30.00,18.01
12.060,30.00,18.33
12.080,30.00,19.53
12.100,30.00,18.99
12.120,30.00,19.09
12.140,30.00,19.85
12.160,30.00,19.42
12.180,30.00,19.85
12.200,30.00,20.07
12.220,30.00,20.40
12.240,30.00,20.40
12.260,30.00,21.16
12.280,30.00,20.72
12.300,30.00,21.05
12.320,30.00,22.24
12.340,30.00,21.59
12.360,30.00,22.24
12.380,30.00,21.92
12.400,30.00,21.81
12.420,30.00,21.92
12.440,30.00,22.14
12.460,30.00,22.46
12.480,30.00,22.57
12.500,30.00,23.55
12.520,30.00,22.90
12.540,30.00,23.98
12.560,30.00,23.11
12.580,30.00,24.09
12.600,30.00,23.44
12.620,30.00,24.20
12.640,30.00,23.66
12.660,30.00,23.87
12.680,30.00,23.76
12.700,30.00,23.66
12.720,30.00,24.09
12.740,30.00,24.42
12.760,30.00,25.07
12.780,30.00,24.85
12.800,30.00,25.39
12.820,30.00,24.74
12.840,30.00,25.29
12.860,30.00,24.96
12.880,30.00,24.96
12.900,30.00,25.39
12.920,30.00,25.50
12.940,30.00,26.37
12.960,30.00,25.50
12.980,30.00,26.05
13.000,30.00,25.61
13.020,30.00,25.72
13.040,30.00,26.26
13.060,30.00,26.15
13.080,30.00,27.02
13.100,30.00,25.94
13.120,30.00,26.15
13.140,30.00,26.81
13.160,30.00,26.70
13.180,30.00,26.05
13.200,30.00,26.48
13.220,30.00,27.13
13.240,30.00,28.00
13.260,30.00,26.81
13.280,30.00,27.02
13.300,30.00,27.78
13.320,30.00,27.02
13.340,30.00,26.91
13.360,30.00,27.89
13.380,30.00,26.26
13.400,30.00,25.61
13.420,30.00,25.50
13.440,30.00,25.39
13.460,30.00,25.39
13.480,30.00,25.29
13.500,30.00,25.29
13.520,30.00,25.18
13.540,30.00,25.18
13.560,30.00,25.18
13.580,30.00,25.18
13.600,30.00,25.07
13.620,30.00,25.07
13.640,30.00,25.07
13.660,30.00,25.07
13.680,30.00,24.96
13.700,30.00,24.96
13.720,30.00,24.96
13.740,30.00,24.96
13.760,30.00,24.85
13.780,30.00,24.85
13.800,30.00,24.85
13.820,30.00,24.85
13.840,30.00,24.85
13.860,30.00,24.85
13.880,30.00,24.85
13.900,30.00,24.85
13.920,30.00,24.74
13.940,30.00,24.74
13.960,30.00,24.74
13.980,30.00,24.74
14.000,30.00,24.74
14.020,30.00,24.74
14.040,30.00,24.63
14.060,30.00,24.63
14.080,30.00,24.63
14.100,30.00,24.63
14.120,30.00,24.63
14.140,30.00,24.63
14.160,30.00,24.63
14.180,30.00,24.63
14.200,30.00,24.63
14.220,30.00,24.52
14.240,30.00,24.52
14.260,30.00,24.52
14.280,30.00,24.52
14.300,30.00,24.52
14.320,30.00,24.52
14.340,30.00,24.52
14.360,30.00,24.42
14.380,30.00,24.42
14.400,30.00,24.42
14.420,30.00,24.42
14.440,30.00,24.42
14.460,30.00,24.42
14.480,30.00,24.31
14.500,30.00,24.31
14.520,30.00,24.42
14.540,30.00,24.42
14.560,30.00,24.31
14.580,30.00,24.42
14.600,30.00,24.31
14.620,30.00,24.31
14.640,30.00,24.31
14.660,30.00,24.31
14.680,30.00,24.31
14.700,30.00,24.31
14.720,30.00,24.31
14.740,30.00,24.31
14.760,30.00,24.31
14.780,30.00,24.20
14.800,30.00,24.20
14.820,30.00,24.31
14.840,30.00,24.20
14.860,30.00,24.20
14.880,30.00,20.61
14.900,30.00,23.11
14.920,30.00,23.44
14.940,30.00,23.44
14.960,30.00,23.44
14.980,30.00,18.12
15.000,30.00,21.38
15.020,30.00,22.57
15.040,30.00,22.68
15.060,30.00,22.79
15.080,30.00,22.79
15.100,30.00,18.77
15.120,30.00,21.92
15.140,30.00,22.24
15.160,30.00,22.35
15.180,30.00,22.35
15.200,30.00,22.35
15.220,30.00,18.12
15.240,30.00,21.27
15.260,30.00,21.59
15.280,30.00,21.81
15.300,30.00,21.81
15.320,30.00,14.21
15.340,30.00,20.07
15.360,30.00,21.16
15.380,30.00,21.27
15.400,30.00,21.27
15.420,30.00,16.81
15.440,30.00,17.36
15.460,30.00,20.07
15.480,30.00,20.51
15.500,30.00,20.61
15.520,30.00,12.47
15.540,30.00,18.33
15.560,30.00,19.85
15.580,30.00,20.07
15.600,30.00,20.18
15.620,30.00,20.18
15.640,30.00,17.14
15.660,30.00,19.31
15.680,30.00,19.64
15.700,30.00,19.75
15.720,30.00,19.75
15.740,30.00,15.73
15.760,30.00,18.77
15.780,30.00,19.09
15.800,30.00,19.20
15.820,30.00,19.20
15.840,30.00,15.40
15.860,30.00,18.33
15.880,30.00,18.77
15.900,30.00,18.77
15.920,30.00,18.88
15.940,30.00,14.10
15.960,30.00,17.25
15.980,30.00,18.23
16.000,30.00,18.33
16.020,30.00,18.44
16.040,30.00,11.49
16.060,30.00,16.92
16.080,30.00,17.68
16.100,30.00,17.90
16.120,30.00,17.90
16.140,30.00,11.93
16.160,30.00,16.60
16.180,30.00,17.36
16.200,30.00,17.46
16.220,30.00,17.46
16.240,30.00,13.23
16.260,30.00,16.38
16.280,30.00,16.81
16.300,30.00,16.92
16.320,30.00,17.03
16.340,30.00,13.99
16.360,30.00,16.05
16.380,30.00,16.38
16.400,30.00,16.49
16.420,30.00,10.62
16.440,30.00,14.42
16.460,30.00,15.73
16.480,30.00,15.94
16.500,30.00,16.05
16.520,30.00,9.64
16.540,30.00,14.75
16.560,30.00,15.40
16.580,30.00,15.51
16.600,30.00,15.51
16.620,30.00,12.69
16.640,30.00,14.64
16.660,30.00,14.97
16.680,30.00,15.08
16.700,30.00,11.06
16.720,30.00,13.55
16.740,30.00,14.42
16.760,30.00,14.53
16.780,30.00,14.53
16.800,30.00,11.82
16.820,30.00,13.77
16.840,30.00,13.99
16.860,30.00,13.99
16.880,30.00,8.02
16.900,30.00,12.90
16.920,30.00,13.34
16.940,30.00,13.45
16.960,30.00,8.34
16.980,30.00,11.71
17.000,30.00,12.79
17.020,30.00,12.90
17.040,30.00,13.01
17.060,30.00,10.08
17.080,30.00,12.14
17.100,30.00,12.36
17.120,30.00,12.47
17.140,30.00,8.88
17.160,30.00,11.60
17.180,30.00,11.93
17.200,30.00,11.93
17.220,30.00,6.50
17.240,30.00,10.84
17.260,30.00,11.38
17.280,30.00,11.49
17.300,30.00,8.23
17.320,30.00,10.30
17.340,30.00,10.84
17.360,30.00,10.95
17.380,30.00,7.80
17.400,30.00,9.75
17.420,30.00,10.30
17.440,30.00,10.41
17.460,30.00,7.47
17.480,30.00,9.32
17.500,30.00,9.86
17.520,30.00,9.97
17.540,30.00,6.71
17.560,30.00,8.88
17.580,30.00,9.43
17.600,30.00,9.43
17.620,30.00,5.52
17.640,30.00,8.67
17.660,30.00,8.88
17.680,30.00,8.99
17.700,30.00,6.50
17.720,30.00,8.23
17.740,30.00,8.56
17.760,30.00,8.56
17.780,30.00,6.82
17.800,30.00,8.02
17.820,30.00,8.02
17.840,30.00,3.02
17.860,30.00,7.04
17.880,30.00,7.58
17.900,30.00,7.69
17.920,30.00,4.97
17.940,30.00,7.04
17.960,30.00,7.26
17.980,30.00,7.26
18.000,30.00,5.84
18.020,30.00,6.71
18.040,30.00,6.82
18.060,30.00,3.56
18.080,30.00,6.17
18.100,30.00,6.39
18.120,30.00,6.50
18.220,0.00,1.39
18.320,0.00,1.06
18.420,0.00,0.85
